Role,Company Name,Location,Post Date
Data Analysis Internship in Pune at ESOP Direct - KP Corporate Solution Limited,ESOP Direct - A Qapita Company,"Pune, Maharashtra, India",3 weeks ago
Data Mining Internship in Pune at IBN Technologies Limited,IBN Technologies Limited,"Pune, Maharashtra, India",1 week ago
Data Analyst,IntegriChain,"Pune, Maharashtra, India",2 weeks ago
Data Analyst (Power BI/ Tableau),Ace Talent Consulting India,Pune/Pimpri-Chinchwad Area,3 weeks ago
Data Warehouse & Analytics specialist,Avaloq,"Pune, Maharashtra, India",3 weeks ago
Data Engineer (Python data science libraries),"Glan Management Consultancy- Career, Jobs, Hiring","Pune, Maharashtra, India",1 month ago
Interesting Job Opportunity: Data Modeler - Datamart/Data Warehousing,Mannara Technologies Pvt. Ltd.,Pune/Pimpri-Chinchwad Area,2 days ago
Advarisk - Data Engineer - SQL/Python,AdvaRisk,"Pune, Maharashtra, India",5 hours ago
BI and Data Visualization | Python| SQL| Tableau,Michael Page,"Pune, Maharashtra, India",1 day ago
Data engineer,Green Clover,"Pune, Maharashtra, India",2 weeks ago
Data Modeller,CIEL HR,"Pune, Maharashtra, India",2 days ago
Data Scientist,Avaloq,"Pune, Maharashtra, India",3 weeks ago
Data Engineer,PlusPointHire - IT Recruitment,"Pune, Maharashtra, India",13 hours ago
Data/NLP Engineer,PharmaACE,"Pune, Maharashtra, India",3 weeks ago
Process Mining Architect,Persistent Systems,"Pune, Maharashtra, India",2 weeks ago
Data Visualization,Praveza Consultancy Private Limited,"Pune, Maharashtra, India",10 hours ago
Data Analyst - Capital Markets and Investment,Landytech,"Pune, Maharashtra, India",1 day ago
Data Architect,Toll Group,"Pune, Maharashtra, India",8 hours ago
Data Engineer - R/Python/Tableau,VBeyond Corporation,"Pune, Maharashtra, India",2 weeks ago
Senior Data Analyst/Data Modellers,EPAM Systems,"Pune, Maharashtra, India",2 days ago
"Analyst, Data Operations",MarketCast,"Pune, Maharashtra, India",1 week ago
Data Engineer,Easebuzz,"Pune, Maharashtra, India",7 months ago
Data Analyst,Barclays,"Pune, Maharashtra, India",2 months ago
Data Engineer junior,Marine Debt Management,"Pune, Maharashtra, India",2 months ago
Data Analyst,eTeam,"Pune, Maharashtra, India",2 days ago
Google Analytics,NuStar Technologies,Pune/Pimpri-Chinchwad Area,2 months ago
Data Engineering & Analytics Practice Lead,Bajaj Markets,"Pune, Maharashtra, India",1 day ago
Data Scientist,Lentra,"Pune, Maharashtra, India",1 month ago
ML/Data Scientist,Zigsaw,"Pune, Maharashtra, India",2 months ago
Data Analyst (Content Engineer),Technosoft Engineering,"Pune, Maharashtra, India",3 weeks ago
Computer Vision Intern,Adagrad AI,"Pune, Maharashtra, India",1 month ago
Process Mining Consultant,Allianz,"Pune, Maharashtra, India",3 days ago
Data Quality Analyst,IntegriChain,"Pune, Maharashtra, India",1 month ago
Data Engineer - ETL/Python/PySpark,Apexon,"Pune, Maharashtra, India",1 week ago
Business / Data Analyst,Solytics Partners,"Pune, Maharashtra, India",2 months ago
Data Analyst,SIRA Placement Consultancy,"Pune, Maharashtra, India",2 months ago
Power BI Lead,Rialtes Technologies,"Pune, Maharashtra, India",1 month ago
Associate Data Analyst,Springer Nature Technology and Publishing Solutions,"Pune, Maharashtra, India",2 months ago
Data Science part time job/internship at Pune in SkillBit,Skillbit,"Pune, Maharashtra, India",2 weeks ago
Lead Data Engineer/Sr. Data Engineer- Immediate Joiners,Searce Inc,"Pune, Maharashtra, India",4 days ago
Lead Data Engineer,iQuest Management Consultants,"Pune, Maharashtra, India",15 hours ago
Head - Data Management - BFSI,Keysite Solutions,"Pune, Maharashtra, India",1 month ago
Data Scientist,First Principle Labs,"Pune, Maharashtra, India",1 month ago
Production Support Lead / Senior Analyst,NuWare,"Pune, Maharashtra, India",15 hours ago
Process Mining Consultant (Celonis),SA Technologies Inc.,"Pune, Maharashtra, India",2 months ago
AI Engineer,StarApps Studio,"Pune, Maharashtra, India",1 week ago
Data Engineer,e-Zest Solutions,"Pune, Maharashtra, India",2 months ago
Data Engineer,Alliance Recruitment Agency,"Pune, Maharashtra, India",1 month ago
Sr. Data Engineer - Cloud - Remote (Pune),Aryng,"Pune, Maharashtra, India",3 weeks ago
Lead Generation Executive,Grey Space Computing,"Pune, Maharashtra, India",2 weeks ago
Electrical Data Analyst,RS Consulting,"Pune, Maharashtra, India",2 months ago
Data Scientist,OnlineSales.ai,"Pune, Maharashtra, India",8 months ago
Head of AI Applications - Pune,Michael Page,"Pune, Maharashtra, India",2 months ago
Power BI Lead,Nice Software Solutions Pvt. Ltd.,"Pune, Maharashtra, India",13 hours ago
"Data Engineer (Python, Scala)",KNOREX,"Pune, Maharashtra, India",2 months ago
ML Ops - Associate / Sr. Associate,Changeleaders.in,Pune/Pimpri-Chinchwad Area,4 months ago
Data Engineer - Azure Data Factory/Data Pipeline,thinkbridge,Pune/Pimpri-Chinchwad Area,5 days ago
Data Analyst,Barclays,"Pune, Maharashtra, India",1 month ago
Data Warehouse Developer,ReWise Analytics & Technologies Pvt. Ltd.,"Pune, Maharashtra, India",1 month ago
Senior Data Scientist (Remote - India),PriceLabs,"Pune, Maharashtra, India",1 week ago
Database Engineer,METRO Global Solution Center IN,"Pune, Maharashtra, India",1 week ago
Data Engineer - Sustainability,Emerson,"Pune, Maharashtra, India",1 week ago
Data Engineer,origin consulting,"Pune, Maharashtra, India",2 weeks ago
Interesting Job Opportunity: Executive Assistant - Construction/Infrastructure Firm,Alpha Orion,"Pune, Maharashtra, India",2 weeks ago
Data Analyst_2,Michelin,"Pune, Maharashtra, India",15 hours ago
Data Analyst,ARYAN TECHNOLOGY,"Pune, Maharashtra, India",2 months ago
Data Analyst,MASTER MIND CONSULTANCY,"Pune, Maharashtra, India",10 hours ago
Data Modeller,CIEL HR,"Pune, Maharashtra, India",2 days ago
Data Engineer,Qween Network LLP,"Pune, Maharashtra, India",2 months ago
Dals (Data Engineer/Analyst/Scientist),Trading Technologies,"Pune, Maharashtra, India",1 week ago
Data Migration Lead,IDESLABS PRIVATE LIMITED,Pune/Pimpri-Chinchwad Area,17 hours ago
Data Scientist Jr. & Sr.,thyssenkrupp,"Pune, Maharashtra, India",2 months ago
Business Intelligence Developer,Fusemachines,"Pune, Maharashtra, India",4 weeks ago
Process Mining Lead,bp,"Pune, Maharashtra, India",3 days ago
MSBI-SSAS,LTIMindtree,"Pune, Maharashtra, India",2 weeks ago
AI/ML Engineer,AdElement,"Pune, Maharashtra, India",1 month ago
"Sr. Data Miner, Global Analytics",Concentrix,"Pune, Maharashtra, India",1 week ago
Senior Consultant - Data Science,PharmaACE,"Pune, Maharashtra, India",1 day ago
Data Engineer,Pracemo Global Solutions,"Pune, Maharashtra, India",1 month ago
BI Developer,SA Technologies Inc.,"Pune, Maharashtra, India",1 day ago
"DATA SCIENTIST - Dubai, UAE",Cobblestone Energy,"Pune, Maharashtra, India",1 month ago
Data Analyst - Dashboards/Power BI,KRG Technologies India Pvt Ltd,"Pune, Maharashtra, India",5 hours ago
Celonis Data Engineer,NuStar Technologies,Pune/Pimpri-Chinchwad Area,3 months ago
Data Scientist Jr. & Sr.,thyssenkrupp,"Pune, Maharashtra, India",2 months ago
Data Engineer,IntegriChain,"Pune, Maharashtra, India",1 month ago
Data Engineer(Proclink),Sigma HR Solutions,"Pune, Maharashtra, India",3 weeks ago
Senior Vice President - Internal Audit,Apex Group Ltd (India Branch),"Pune, Maharashtra, India",1 day ago
Business Data Analyst (Python + SQL) | Contractual | Pune,Michael Page,"Pune, Maharashtra, India",1 month ago
SAP Data Analyst,Cortex Consultants LLC,Pune/Pimpri-Chinchwad Area,2 months ago
Lead Generation Executive,Excelsior Research,"Pune, Maharashtra, India",4 days ago
Data Migration Lead,ESSENWARE PRIVATE LIMITED,Pune/Pimpri-Chinchwad Area,1 week ago
Product Analyst,DeepIntent,"Pune, Maharashtra, India",2 weeks ago
Machine Learning part time job/internship at Pune in SkillBit,Skillbit,"Pune, Maharashtra, India",8 hours ago
Python Lead-Data engineer,nHRMS - n Human Resources & Management Systems,Pune/Pimpri-Chinchwad Area,1 week ago
"Associate Director, Data Strategy & Rapid Analytics",MSD,"Pune, Maharashtra, India",3 weeks ago
Opening for Lead Generation and Telemarketing Executive,Erfolg,"Pune, Maharashtra, India",3 weeks ago
Deputy Manager_Assistant Lead_Data Science_GBIS-PUNe,_VOIS,"Pune, Maharashtra, India",2 months ago
Data Engineer,Randstad India,Pune/Pimpri-Chinchwad Area,2 months ago
Data Engineer - Data Analytics/Power BI,Taliun,"Pune, Maharashtra, India",2 months ago
Big Data Engineer,Tridiagonal Solutions,"Pune, Maharashtra, India",1 month ago
Opportunity with Atos for Azure Data Brick,Atos,"Pune, Maharashtra, India",4 days ago
Data Research Analyst,fluidonomics Solutions LLP,"Pune, Maharashtra, India",1 month ago
Data Science - Lead Data Scientist,Jet2 Travel Technologies Pvt Ltd.,"Pune, Maharashtra, India",1 month ago
Associate Analyst - BI,Eaton,"Pune, Maharashtra, India",3 days ago
EY - Data Scientist - R/SQL/Python,Ernst and Young Services,"Pune, Maharashtra, India",1 month ago
Data Analyst Trainer,ExcelR Solutions,"Pune, Maharashtra, India",1 week ago
Senior Data Quality Analyst,bp,"Pune, Maharashtra, India",2 days ago
Power BI Developer,CIEL HR,Pune/Pimpri-Chinchwad Area,4 months ago
Data Engineer,Peoplefy,"Pune, Maharashtra, India",2 weeks ago
Lead - Data Science - Financial Services Group,Shine.com,"Pune, Maharashtra, India",1 month ago
Manager - Data Science - Utility/Energy Sector,ARA Resources Pvt. Ltd.,"Pune, Maharashtra, India",1 month ago
"Data Analyst , Senior Data Analyst , Data Analyst - Tech Lead",AppSoft Solutions,"Pune, Maharashtra, India",2 months ago
Associate Data Scientist,Cummins Inc.,"Pune, Maharashtra, India",1 week ago
Management Trainee - Machine Learning AND Deep Learning AND Python experience mandatory - For Pune only,CIEL HR,Pune/Pimpri-Chinchwad Area,3 months ago
Data Engineer,Randstad India,Pune/Pimpri-Chinchwad Area,2 months ago
Data Analyst- Finance,Bentley Systems,"Pune, Maharashtra, India",1 week ago
Big Data,Ampstek,"Pune, Maharashtra, India",1 month ago
Data Analyst,Reality Premedia Services Pvt Ltd,"Pune, Maharashtra, India",1 month ago
Data Engineer,PlusPointHire - IT Recruitment,"Pune, Maharashtra, India",1 day ago
Data Quality Analyst,Cummins Inc.,"Pune, Maharashtra, India",1 week ago
Vice President Internal Audit,Apex Group Ltd (India Branch),"Pune, Maharashtra, India",1 day ago
Data Engineer / Database Engineer,CIEL HR,"Pune, Maharashtra, India",1 month ago
Workday Senior Operation Data Analyst - AVP,Apex Group Ltd (India Branch),"Pune, Maharashtra, India",1 week ago
Data Analyst (Snowflake)_Kripa_Accion labs,CodersBrain,"Pune, Maharashtra, India",4 months ago
Data Analyst - SQL/Data Modeling,Boost Tech,"Pune, Maharashtra, India",2 months ago
Data Analyst - SQL/Data Modeling,Boost Tech,"Pune, Maharashtra, India",2 months ago
Data Analyst,JLL,"Pune, Maharashtra, India",1 month ago
AWS- Data Engineer,Pracemo Global Solutions,"Pune, Maharashtra, India",1 week ago
Data Analyst (python and SAS) | Contractual | Pune,Michael Page,"Pune, Maharashtra, India",2 months ago
Analyst Knowledge Services,Infosys BPM,"Pune, Maharashtra, India",3 days ago
Technical Lead – Innovation Garage,CIEL HR,Pune/Pimpri-Chinchwad Area,3 months ago
Data Engineer (Third Party & Integration),KNOREX,"Pune, Maharashtra, India",2 months ago
Data Engineer,ScaleneWorks People Solutions LLP,"Pune, Maharashtra, India",2 days ago
Data Modeler,IDESLABS PRIVATE LIMITED,Pune/Pimpri-Chinchwad Area,4 months ago
Database Architect (India),Mainline Information Systems,"Pune, Maharashtra, India",1 month ago
Machine Learning Engineer,Aikon Labs Private Limited,"Pune, Maharashtra, India",1 month ago
SQL Developer,UnboundB2B,"Pune, Maharashtra, India",3 months ago
BI Developer,Mindpool Technologies Inc,"Pune, Maharashtra, India",2 months ago
Interesting Job Opportunity: Python Data Engineer - Web scraping,Deqode,Pune/Pimpri-Chinchwad Area,2 months ago
power bi,Diverse Lynx,"Pune, Maharashtra, India",2 days ago
Data Engineer,dataeaze systems,"Pune, Maharashtra, India",2 months ago
Opening- Analyst/Sr. Analyst - Data Scientist,TopGear Consultants Pvt Ltd,"Pune, Maharashtra, India",1 month ago
Data Engineer,Springer Nature Technology and Publishing Solutions,"Pune, Maharashtra, India",1 week ago
"Executive Manager, Data Science",BNY Mellon,"Pune, Maharashtra, India",1 month ago
Data Engineer_Publicis Resources,CodersBrain,"Pune, Maharashtra, India",2 months ago
Data Engineer,Tech-Soul Technologies,"Pune, Maharashtra, India",1 month ago
Manager_Senior Data Analyst_D&A_Pune,_VOIS,"Pune, Maharashtra, India",3 days ago
Data Scientist,Peak,"Pune, Maharashtra, India",1 month ago
Data Engineer - Sustainability,Emerson,"Pune, Maharashtra, India",1 week ago
Data Engineer,Best Infosystems Ltd.,"Pune, Maharashtra, India",1 week ago
Data Engineer - Python,SKILLETY,"Pune, Maharashtra, India",2 months ago
Data Scientist,PERSOLKELLY,"Pune, Maharashtra, India",1 month ago
Associate Team Lead,ESSENWARE PRIVATE LIMITED,Pune/Pimpri-Chinchwad Area,2 months ago
ETL Testing,Randstad India,Pune/Pimpri-Chinchwad Area,3 weeks ago
Celonis Consultant,ESSENWARE PRIVATE LIMITED,Pune/Pimpri-Chinchwad Area,2 months ago
Data Engineer,Barclays,"Pune, Maharashtra, India",2 months ago
Data Engineer_Jessica,CodersBrain,"Pune, Maharashtra, India",2 months ago
Database Engineer,W3 Technology Services,"Pune, Maharashtra, India",3 months ago
Lead Generation Executive,Vertedge Business Solutions LLP,"Pune, Maharashtra, India",2 months ago
Lead Generation Executive,Flexisales Marketing Pvt. Ltd.,"Pune, Maharashtra, India",2 months ago
Analytics,GALLAGHER SERVICE CENTER LLP,"Pune, Maharashtra, India",1 month ago
Salesforce Analytics,Jade Global,"Pune, Maharashtra, India",1 day ago
Risk Analytics Role - Model Development - Financial Captive,Maven Workforce Inc.,"Pune, Maharashtra, India",1 month ago
Data Analyst,Saama,"Pune, Maharashtra, India",2 months ago
Lead Generation Executive,HYRE,"Pune, Maharashtra, India",1 month ago
Lead Generation Executive,Excelsior Research,"Pune, Maharashtra, India",2 months ago
Data Engineer - Qlikview/R/Python,HuQuo,"Pune, Maharashtra, India",3 weeks ago
Lead Generation Executive,Excelsior Research,"Pune, Maharashtra, India",2 months ago
Data Scientist,Pivotchain Solutions,"Pune, Maharashtra, India",2 months ago
Data Engineer,Michelin,"Pune, Maharashtra, India",5 days ago
Data Engineer (Python),Scry AI,"Pune, Maharashtra, India",1 month ago
"Data Science, NLP, Deep Learning",IDESLABS PRIVATE LIMITED,Pune/Pimpri-Chinchwad Area,3 months ago
Data Engineer,Michelin,"Pune, Maharashtra, India",6 days ago
Data Solutioning Lead/Manager,QiO Technologies,"Pune, Maharashtra, India",1 month ago
Lead Generation Executive,Excelsior Research,"Pune, Maharashtra, India",2 months ago
NetSuite Business/Data Analyst,"Stralynn Consulting Services, Inc","Pune, Maharashtra, India",6 days ago
Associate Consultant Commercial Analytics,Anervea,"Pune, Maharashtra, India",2 weeks ago
Lead Generation Executive,Excelsior Research,"Pune, Maharashtra, India",2 months ago
Data Engineering - Lead Data Engineer,Jet2 Travel Technologies Pvt Ltd.,"Pune, Maharashtra, India",1 month ago
Lead Generation Executive,Recroot.io,"Pune, Maharashtra, India",16 hours ago
Business Analyst - Data Visualization,ARA Resources Pvt. Ltd.,"Pune, Maharashtra, India",3 weeks ago
Data Scientist Job Opening for Fresher and Experience,Garima Interprises,"Pune, Maharashtra, India",15 hours ago
Big Data Engineer,Applycup Hiring Solutions,"Pune, Maharashtra, India",1 month ago
Advarisk - Data Engineer - Python/ETL,AdvaRisk,"Pune, Maharashtra, India",4 weeks ago
Commercial Executive,Innoplexus Consulting Services Pvt Ltd,"Pune, Maharashtra, India",1 day ago
Data Engineer/Sr. Data Engineer/Lead Data Engineer - Data Axle,New Era India,"Pune, Maharashtra, India",2 months ago
Lead Generation Executive,Demand Infotech Solutions,"Pune, Maharashtra, India",2 months ago
Azure Data Engineer,Optimum Data Analytics,"Pune, Maharashtra, India",2 weeks ago
Data Engineer,Applycup Hiring Solutions,"Pune, Maharashtra, India",1 month ago
Financial Advisory - Forensic & Dispute Services - DM - Process Mining,Deloitte Asia Pacific,"Pune, Maharashtra, India",1 week ago
Machine Learning Tech Lead,Yo Hr Consultancy,"Pune, Maharashtra, India",1 week ago
Assistant Vice President- Data Analytics Trade Surveillance,Citi,"Pune, Maharashtra, India",3 days ago
Azure Data Engineer,Victrix Systems & Labs,"Pune, Maharashtra, India",2 weeks ago
Senior Lead Data Engineer,Gensol Engineering - Electric Vehicles Division,"Pune, Maharashtra, India",2 weeks ago
Azure Data Engineer,Abzooba,"Pune, Maharashtra, India",4 days ago
AWS Data Engineer,CodersBrain,"Pune, Maharashtra, India",2 weeks ago
Hiring For Data Analyst,Star Future Solution,"Pune, Maharashtra, India",4 days ago
Power BI Developer,Optimum Data Analytics,"Pune, Maharashtra, India",1 week ago
CIEL/SEL/23651: Data Scientist,CIEL HR,"Pune, Maharashtra, India",2 days ago
Interesting Job Opportunity: Data Architect/Data Modeler Role - KPO,HuQuo,"Pune, Maharashtra, India",1 week ago
Data Engineer_Swathi_Quess Corp,CodersBrain,"Pune, Maharashtra, India",2 months ago
Lead Data Analyst - VP,Citi,"Pune, Maharashtra, India",1 week ago
"SENIOR DATA SCIENTIST - Dubai, UAE",Cobblestone Energy,"Pune, Maharashtra, India",1 month ago
International Lead Generation Executive,Axonator Inc,"Pune, Maharashtra, India",2 months ago
Assistant Manager_Senior Engineer_Data Analyst-DAIS_PUNE,_VOIS,"Pune, Maharashtra, India",2 months ago
Regional Lead - DT Data and Analytics,Air Products India,"Pune, Maharashtra, India",2 weeks ago
Data Engineer- ETL/Python,"Glan Management Consultancy- Career, Jobs, Hiring","Pune, Maharashtra, India",1 month ago
Data Engineer,3RI Technologies Pvt. Ltd.,"Pune, Maharashtra, India",1 month ago
Data Governance Senior Analyst_Deputy Manager_Assistant Lead_Bangalore,_VOIS,"Pune, Maharashtra, India",1 month ago
Senior Data Quality Analyst,origin consulting,"Pune, Maharashtra, India",2 weeks ago
Business Analyst,Inteliment,"Pune, Maharashtra, India",2 months ago
Databricks_Pool Hiring,Diverse Lynx,"Pune, Maharashtra, India",2 days ago
CIEL/SEL/23614: Data Scientist,CIEL HR,"Pune, Maharashtra, India",2 days ago
Associate Data Architect,Bitwise India,"Pune, Maharashtra, India",2 weeks ago
Data Engineer,Talent Corner HR Services Pvt Ltd,"Pune, Maharashtra, India",4 weeks ago
Senior Data Quality Analyst,bp,"Pune, Maharashtra, India",2 days ago
Data Engineers,Zensar Technologies,"Pune, Maharashtra, India",2 weeks ago
Data Engineer,Mindpool Technologies Inc,"Pune, Maharashtra, India",2 months ago
Senior Data Scientist,JetSynthesys,"Pune, Maharashtra, India",3 days ago
Lead Data Engineer,Deutsche Bank,"Pune, Maharashtra, India",2 months ago
Lead Generation Executive,UnboundB2B,"Pune, Maharashtra, India",3 months ago
Lead Engineer - Big Data,EPAM Systems,"Pune, Maharashtra, India",1 day ago
Power BI Developer,H.B. Fuller,"Pune, Maharashtra, India",2 months ago
Data Engineer - SQL/Python,Juniper Consultancy Services,"Pune, Maharashtra, India",1 week ago
Job openings for deep learning in pune,Talent Zone Consultant,"Pune, Maharashtra, India",1 month ago
Associate Director – Data Enablement & Contracting,MSD,"Pune, Maharashtra, India",2 days ago
Data Engineer - Python/SQL,Juniper Consultancy Services,"Pune, Maharashtra, India",1 week ago
Senior Data Engineer,Snowflake,"Pune, Maharashtra, India",1 week ago
AWS/Azure DE with Snowflake,Abzooba,"Pune, Maharashtra, India",1 week ago
Data Engineer - SQL/Python,Juniper Consultancy Services,"Pune, Maharashtra, India",2 weeks ago
Business Intelligence Manager - ISV (BU),Emerson,"Pune, Maharashtra, India",1 week ago
Data Engineering Manager,KOKO Networks,"Pune, Maharashtra, India",1 month ago
Partner Data_Big Data/ Cloud Engineer,Deutsche Bank,"Pune, Maharashtra, India",2 weeks ago
Assistant Manager - PL - Prime - T1(JR00112222),Bajaj Finserv,"Pune, Maharashtra, India",3 weeks ago
"Lead Business Analytics (Python, SQL)",Citi,"Pune, Maharashtra, India",2 months ago
Data Visualization Manager,MSD,"Pune, Maharashtra, India",1 month ago
Partner Data_Big Data/ Cloud Engineer,Deutsche Bank,"Pune, Maharashtra, India",2 weeks ago
Data Engineer/Consultant,Sourced Group an Amdocs Company,"Pune, Maharashtra, India",1 week ago
Data Engineer - Databricks,Nivasoft,"Pune, Maharashtra, India",3 months ago
Partner Data_Big Data/ Cloud Engineer,Deutsche Bank,"Pune, Maharashtra, India",2 weeks ago
AWS Machine Learning Engineer,Ankercloud GmbH,"Pune, Maharashtra, India",2 months ago
Data Engineer (Python AWS),Barclays,"Pune, Maharashtra, India",1 month ago
Research Engineer,Predii,"Pune, Maharashtra, India",2 months ago
Power BI Expert,Applycup Hiring Solutions,"Pune, Maharashtra, India",3 weeks ago
Lead Generation Internship in Pune at Metapercept Technology Services,Metapercept Technology Services,"Pune, Maharashtra, India",1 week ago
"Business Intelligence Analyst, II",Zebra Technologies,"Pune, Maharashtra, India",1 week ago
Senior Data Engineer,PriceLabs,"Pune, Maharashtra, India",1 month ago
Partner Data_Big Data/ Cloud Engineer,Deutsche Bank,"Pune, Maharashtra, India",2 weeks ago
Senior Analyst-Data,Eaton,"Pune, Maharashtra, India",1 week ago
Head of Analytics (Get a 30% salary increase & Pay 0% Tax in Dubai),Puffy,"Pune, Maharashtra, India",3 weeks ago
Data Scientist,IDESLABS PRIVATE LIMITED,"Pune, Maharashtra, India",2 months ago
"Business Intelligence Analyst, II",Zebra Technologies,"Pune, Maharashtra, India",1 week ago
Marketing Analyst,CIEL HR,"Pune, Maharashtra, India",2 days ago
Data Engineer,Central Business Solutions Inc.,"Pune, Maharashtra, India",2 months ago
Data Scientist,Kavayah People Consulting Pvt. Ltd.,"Pune, Maharashtra, India",1 month ago
Apply for Lead - Artificial Intelligence - BFSI,Maven Workforce Inc.,"Pune, Maharashtra, India",1 month ago
Engineer,Deutsche Bank,"Pune, Maharashtra, India",1 week ago
Senior Engineer - Big Data,EPAM Systems,"Pune, Maharashtra, India",1 day ago
RIA - Data Engineer with Q&A,CodeElan Technologies,"Pune, Maharashtra, India",2 months ago
Financial Advisory_Forensic & Dispute Services_Process Mining,Deloitte Asia Pacific,"Pune, Maharashtra, India",1 week ago
Data Engineer - Data Pipeline & Warehousing,Genzeon Technology Solutions,"Pune, Maharashtra, India",2 weeks ago
Tech Lead,IDESLABS PRIVATE LIMITED,Pune/Pimpri-Chinchwad Area,4 months ago
Lead Data Engineer,MSD,"Pune, Maharashtra, India",1 month ago
Assistant Manager - PL - Prime - T1(JR00112536),Bajaj Finserv,"Pune, Maharashtra, India",2 weeks ago
Microstrategy,Applycup Hiring Solutions,"Pune, Maharashtra, India",1 month ago
Data Engineer,Cummins India Ltd,"Pune, Maharashtra, India",2 days ago
Power BI Developer,Headsnminds Consultants Pvt. Ltd.,"Pune, Maharashtra, India",1 month ago
Data Analyst,Gharondaa Advisors Private Limited,"Pune, Maharashtra, India",3 weeks ago
Manager - Data Science (NLP),MSD,"Pune, Maharashtra, India",1 day ago
Manager Data Science,MSD,"Pune, Maharashtra, India",1 month ago
Demand Manager,HyreFox Consultants,"Pune, Maharashtra, India",1 month ago
Data Engineer,V-Tech Data Outsourcing,"Pune, Maharashtra, India",3 weeks ago
Data Engineer,STERIS,"Pune, Maharashtra, India",3 weeks ago
"Sr. Specialist, Rapid Data Analyst",MSD,"Pune, Maharashtra, India",3 weeks ago
Python Lead (AI/ML),TeamPlus Staffing Solution Pvt Ltd,"Pune, Maharashtra, India",3 days ago
Data Engineer - AWS Cloud,e-Hireo,"Pune, Maharashtra, India",3 weeks ago
Data Engineer - Hadoop/GCP,Deutsche Bank,"Pune, Maharashtra, India",1 day ago
Data Engineer (Job ID MK),Talent Corner HR Services Pvt Ltd,"Pune, Maharashtra, India",1 month ago
Cloud Data Engineer (Innovation),Deutsche Bank,"Pune, Maharashtra, India",2 months ago
CIEL/SEL/24336: Warehouse Operations Analyst,CIEL HR,"Pune, Maharashtra, India",2 days ago
Data Engineer,IDESLABS PRIVATE LIMITED,"Pune, Maharashtra, India",2 months ago
Data Engineering Lead (Teradata & GCP),CIEL HR,"Pune, Maharashtra, India",2 days ago
Data Engineer,Mobile Programming LLC,"Pune, Maharashtra, India",1 month ago
Data Engineer - Hadoop/GCP,Deutsche Bank,"Pune, Maharashtra, India",1 day ago
BI Developer,Barclays,"Pune, Maharashtra, India",4 days ago
Data Engineer - Ontology,Siemens Energy,"Pune, Maharashtra, India",1 day ago
DDI- Lead Data Engineer,Quess Corp Limited,"Pune, Maharashtra, India",1 week ago
Business Analytics_Deputy Manager-Pune,_VOIS,"Pune, Maharashtra, India",1 day ago
Python Data Developer,AuthMind,"Pune, Maharashtra, India",2 days ago
Data Scientist - Machine Learning,Changeleaders.in,"Pune, Maharashtra, India",1 month ago
Head of Artificial Intelligence,Starkenn Technologies,"Pune, Maharashtra, India",1 week ago
Data Engineer - Hadoop/GCP,Deutsche Bank,"Pune, Maharashtra, India",1 day ago
Manager Data Scientist,Michelin,"Pune, Maharashtra, India",16 hours ago
Practice Head/Director - Data Science - IT,HNS Solutions,"Pune, Maharashtra, India",4 weeks ago
CIEL/SEL/27177: BI - Analyst,CIEL HR,"Pune, Maharashtra, India",2 days ago
Data Engineer,Cummins Inc.,"Pune, Maharashtra, India",2 weeks ago
Assistant Manager - PL - Prime - T1(JR00113202),Bajaj Finserv,"Pune, Maharashtra, India",3 days ago
Lead Generation Internship in Kharadi at ZM Technologies,ZM Technologies,"Pune, Maharashtra, India",2 weeks ago
Big Data Engineer,ADI Resourcing,"Pune, Maharashtra, India",2 months ago
Assistant Manager_Senior Engineer_Operation Analyst_Pune,_VOIS,"Pune, Maharashtra, India",1 month ago
"Redshift DWH Lead (Gurgaon, Pune , Bangalore, Chennai , Hyderabad)",ADI Resourcing,"Pune, Maharashtra, India",1 month ago
Strategy & Transformation Lead,Barclays,"Pune, Maharashtra, India",1 month ago
Data Engineer,Vipsa Talent Solutions,"Pune, Maharashtra, India",3 months ago
Coditas - Lead Generation Role,Coditas,"Pune, Maharashtra, India",1 month ago
Big Data Developer,Changeleaders.in,Pune/Pimpri-Chinchwad Area,4 months ago
Lead Data Scientist,Barclays,"Pune, Maharashtra, India",4 weeks ago
Lead Generation Executive,Demand Infotech Solutions,"Pune, Maharashtra, India",2 months ago
Data Engineer – Smart Building Analytics (6 - 9 years),Siemens,"Pune, Maharashtra, India",2 days ago
Associate Manager Data Science,MSD,"Pune, Maharashtra, India",1 month ago
Lead Generation Intern,Incentius,"Pune, Maharashtra, India",3 weeks ago
Lead Generation Executive,Demand Infotech Solutions,"Pune, Maharashtra, India",2 months ago
Cloud ML Engineer,Tridiagonal Solutions,"Pune, Maharashtra, India",1 month ago
Data Scientist - Healthcare/Life Sciences,TalentCo Search Pvt Ltd,"Pune, Maharashtra, India",1 month ago
Data Engineer - SQL/BigQuery,Boost Tech,"Pune, Maharashtra, India",2 months ago
Senior Lead Generation Executive,Vsynergize,"Pune, Maharashtra, India",2 months ago
Datastage Developer+ ADF developer- with Canada based product-service company- Pune,Seventh Contact Hiring Solutions,"Pune, Maharashtra, India",8 hours ago
Lead Generation Executive,Demand Infotech Solutions,"Pune, Maharashtra, India",2 months ago
Sr Data Platform Architect,Workday,"Pune, Maharashtra, India",10 hours ago
Analytics Data Engineer (Cloud Data),Air Products India,"Pune, Maharashtra, India",1 month ago
SAP BW Analyst,Antal International,"Pune, Maharashtra, India",2 months ago
Celonis Process Mining Engineer,Tietoevry,"Pune, Maharashtra, India",1 day ago
Job Openings on SAP Celonis,ESSENWARE PRIVATE LIMITED,Pune/Pimpri-Chinchwad Area,2 months ago
Associate - Data Engineer,TIAA,"Pune, Maharashtra, India",4 hours ago
"SAP IT Analyst, Analytics",Avient Corporation,"Pune, Maharashtra, India",2 weeks ago
DataBricks Lead,Hexaware Technologies,"Pune, Maharashtra, India",1 week ago
Data Engineer,Vanderlande,"Pune, Maharashtra, India",1 week ago
Assistant Manager_Senior Engineer_Hadoop Admin_D&A_Pune,_VOIS,"Pune, Maharashtra, India",3 weeks ago
Conversation Designer Google DialogFlow,Econolytics,"Pune, Maharashtra, India",1 month ago
Analytics Engineer,MSD,"Pune, Maharashtra, India",1 month ago
CIEL/SEL/25732: Purchase Executive,CIEL HR,"Pune, Maharashtra, India",2 days ago
Lead Generation Specialist,AV IT Business Solution Pvt. Ltd. | AVITBS,"Pune, Maharashtra, India",11 hours ago
BIG DATA ( ANALYTICS AND DATA SCIENCE ) - BIG DATA - SNOWFLAKE,Zensar Technologies,"Pune, Maharashtra, India",2 weeks ago
Deputy Manager_Assistant Lead-BIBDA_GCP Data Ops_Pune,_VOIS,"Pune, Maharashtra, India",2 months ago
Associate Lead Data Scientist(JR00094543),Bajaj Finserv,"Pune, Maharashtra, India",1 month ago
Database Developer,Arya Omnitalk Wireless Solutions Private Limited,"Pune, Maharashtra, India",1 month ago
Associate - Datastage Snowflake,TIAA,"Pune, Maharashtra, India",4 hours ago
Lead Generation Specialist,AV IT Business Solution Pvt. Ltd. | AVITBS,"Pune, Maharashtra, India",2 months ago
BI Developer,Tricentis,"Pune, Maharashtra, India",1 month ago
Deputy Manager,_VOIS,"Pune, Maharashtra, India",21 hours ago
Python Developer,Barclays,"Pune, Maharashtra, India",1 week ago
Snowflake,Tata Consultancy Services,"Pune, Maharashtra, India",3 weeks ago
Lead Data Scientist,codvo.ai,"Pune, Maharashtra, India",2 months ago
Data Engineer - Python/AWS,e-Hireo Global Solutions,"Pune, Maharashtra, India",3 weeks ago
Deputy Manager,_VOIS,"Pune, Maharashtra, India",2 months ago
Plant Finance and Accounts Manager,Keysite Solutions,"Pune, Maharashtra, India",1 month ago
ETL Support,Kavayah People Consulting Pvt. Ltd.,"Pune, Maharashtra, India",2 months ago
Manager - Plant Finance and Accounts - Factory/Plant,Keysite Solutions,"Pune, Maharashtra, India",1 month ago
Lead Generation,Metapercept Technology Services,"Pune, Maharashtra, India",1 day ago
Assistant Manager - Assurance - CHS - Audit Services - Pune,EY,"Pune, Maharashtra, India",7 hours ago
"MLE | 10 to 14 yrs | Noida, Chennai & Pune",Capgemini,"Pune, Maharashtra, India",2 weeks ago
Lead Generation Specialist,AV IT Business Solution Pvt. Ltd. | AVITBS,"Pune, Maharashtra, India",4 days ago
Assistant Manager - PL - Prime - T1(JR00104768),Bajaj Finserv,"Pune, Maharashtra, India",1 month ago
Machine Learning Engineer,Zycus,"Pune, Maharashtra, India",2 months ago
AI functional Tester,Michelin,"Pune, Maharashtra, India",16 hours ago
BFSI - Data Science - NLP / Computer vision - Pune,Michael Page,"Pune, Maharashtra, India",1 month ago
Data Engineer - Python/SQL/Spark,Job Delights Consultancy,"Pune, Maharashtra, India",1 month ago
Manager - Forecasting Advanced Analytics – Data Science,MSD,"Pune, Maharashtra, India",1 month ago
"Deputy Manager, Data Science",Concentrix,"Pune, Maharashtra, India",1 week ago
ECS ME - Data Scientist - NLP/NLU,ECS | Enterprise Change Specialists,"Pune, Maharashtra, India",1 month ago
Data Engineer,Kavayah People Consulting Pvt. Ltd.,"Pune, Maharashtra, India",1 month ago
Big Data Engineer,IDESLABS PRIVATE LIMITED,Pune/Pimpri-Chinchwad Area,3 months ago
Lead Data Scientist - Computer Vision,Michelin,"Pune, Maharashtra, India",16 hours ago
Assistant Manager_Senior Engineer _Python + AWS Developer _ D&A _ Pune,_VOIS,"Pune, Maharashtra, India",4 days ago
AM- Analytics-ANA006716,Genpact,"Pune, Maharashtra, India",1 week ago
Snowflake Architect,Tiger Analytics,"Pune, Maharashtra, India",2 days ago
Data Engineering - Senior Software Developer (BI),Jet2 Travel Technologies Pvt Ltd.,"Pune, Maharashtra, India",1 day ago
Formula & Regulatory Specialist,The Coca-Cola Company,"Pune, Maharashtra, India",6 days ago
Data Engineer,Principal Global Services,"Pune, Maharashtra, India",4 days ago
AI functional tester,Michelin,"Pune, Maharashtra, India",16 hours ago
Manager - PL - Prime - T1(JR00112535),Bajaj Finserv,"Pune, Maharashtra, India",2 weeks ago
Data Science Engineer/Senior Data Science Engineer(JR00089539),Bajaj Finserv,"Pune, Maharashtra, India",1 month ago
Lead Data Analyst,Principal Global Services,"Pune, Maharashtra, India",1 week ago
Technical Architect - Data & Analytics,Johnson Controls,"Pune, Maharashtra, India",3 days ago
Business Analytics Internship in Pune at PCPL,PCPL,"Pune, Maharashtra, India",1 week ago
Senior Business Intelligence Analyst,Wolters Kluwer,"Pune, Maharashtra, India",2 weeks ago
Manager - 3in1(JR00106249),Bajaj Finserv,"Pune, Maharashtra, India",1 month ago
CIEL/SEL/24655: Sr Data Analyst,CIEL HR,"Pune, Maharashtra, India",2 days ago
Analyst Master Data,AkzoNobel,"Pune, Maharashtra, India",4 days ago
Production Engineer,Barclays,"Pune, Maharashtra, India",2 months ago
Sr. Business Intelligence / Data Warehouse Consultant,Pentagon Consultancy Services,"Pune, Maharashtra, India",1 month ago
Senior Analyst- BI,Eaton,"Pune, Maharashtra, India",2 days ago
Ld. Data Mgmt Anlyst,BNY Mellon,"Pune, Maharashtra, India",3 months ago
Senior Data Architect,Faurecia,"Pune, Maharashtra, India",1 month ago
Sr System Reliability Engineer (Big Data),Fulcrum Digital Inc,"Pune, Maharashtra, India",2 weeks ago
Senior Operations Consultant,Mindpool Technologies Inc,"Pune, Maharashtra, India",2 months ago
Manager - PL - Prime - T1(JR00112540),Bajaj Finserv,"Pune, Maharashtra, India",2 weeks ago
Sr. Data Scientist,JobDost,"Pune, Maharashtra, India",2 months ago
SDE III Machine Learning,Mindtickle,"Pune, Maharashtra, India",2 weeks ago
Data Engineer,Workday,"Pune, Maharashtra, India",3 months ago
Manager - Analytics-ANA006715,Genpact,"Pune, Maharashtra, India",1 week ago
Data Engineer,Alp Consulting Ltd.,"Pune, Maharashtra, India",2 months ago
Big Data Architect,Milestone Hr Consultancy,"Pune, Maharashtra, India",1 month ago
"Principal, Technology Risk Management",BNY Mellon,"Pune, Maharashtra, India",2 days ago
Solytics Partners - Senior Quantitative Analyst - Market Risk/Pricing Model/FRTB Quants,Solytics Partners,"Pune, Maharashtra, India",1 month ago
Senior Data Engineer,Stratacent,"Pune, Maharashtra, India",1 month ago
Digital Marketing Trainee,GameCloud Technologies Pvt Ltd,"Pune, Maharashtra, India",1 month ago
Database Developer,Programmers.io,"Pune, Maharashtra, India",1 week ago
Data Engineer (Third Party and Integration),KNOREX,"Pune, Maharashtra, India",1 month ago
Pimcore Developer - MDM/Data Modeling,Nerd Geek Lab,"Pune, Maharashtra, India",2 months ago
Technical Manager-Data Scientist-India,Globant,"Khed, Maharashtra, India",2 weeks ago
CIEL/SEL/21245: Data Engineer,CIEL HR,"Pune, Maharashtra, India",2 days ago
Assistant Manager - PL - Prime - T1(JR00108181),Bajaj Finserv,"Pune, Maharashtra, India",1 month ago
Senior Technical Support Engineering,Privacera,"Pune, Maharashtra, India",2 months ago
Senior Data Scientist Consultant (Part-Time),codvo.ai,"Pune, Maharashtra, India",2 months ago
Big Data Engineer/ Lead/ Associate Architect.,Intuitive Apps Inc.,"Pune, Maharashtra, India",4 months ago
Data Scientist,SS Supply Chain Solutions Pvt. Ltd.,"Pune, Maharashtra, India",1 month ago
"Principal, Technology Risk Management",BNY Mellon,"Pune, Maharashtra, India",1 day ago
AI functional Tester,Michelin,"Pune, Maharashtra, India",12 hours ago
Lead Data Scientist,BNY Mellon,"Pune, Maharashtra, India",2 months ago
Principal Processor Performance Engineer,Mulya Technologies,"Pune, Maharashtra, India",4 hours ago
Data Associate - Quantitative Support Team,Leading Financial Services Provider,"Pune, Maharashtra, India",1 month ago
CIEL/SEL/28407: Purchase Executive,CIEL HR,"Pune, Maharashtra, India",2 days ago
Lead/Demand Generation Executive,Excelsior Research,"Pune, Maharashtra, India",2 months ago
Ecomms Business Analyst,Barclays,"Pune, Maharashtra, India",1 month ago
MDM Analyst,Techno Wise ( INDIA ),"Pune, Maharashtra, India",4 weeks ago
Senior Data Scientist (Remote),codvo.ai,"Pune, Maharashtra, India",2 months ago
Lead Generation Executives,eWay Corp,"Pune, Maharashtra, India",1 week ago
CIEL/SEL/21240: SQL Database Developer,CIEL HR,"Pune, Maharashtra, India",2 days ago
Business Intelligence analyst – GFT - Risk & Control Technology - C12 -Pune -R22097980,Citi,"Pune, Maharashtra, India",1 month ago
Interesting Job Opportunity: SarvaGram Fincare - Data Analyst - Data Modeling & Mining,SarvaGram Solutions,"Pune, Maharashtra, India",1 month ago
Lead Data Scientist(JR00093228),Bajaj Finserv,"Pune, Maharashtra, India",1 month ago
Big Data Engineer,LTIMindtree,"Pune, Maharashtra, India",1 month ago
"Associate Manager, Omnichannel Customer Analytics, Oncology",MSD,"Pune, Maharashtra, India",1 week ago
Senior Data Scientist,Abzooba,"Pune, Maharashtra, India",2 weeks ago
Solution Architect - MDM,Pivotree,"Pune, Maharashtra, India",2 weeks ago
Back-end Engineer,Avaloq,"Pune, Maharashtra, India",4 weeks ago
Data engineer,Alp Consulting Ltd.,"Pune, Maharashtra, India",2 months ago
Lead Data Scientist(JR00094542),Bajaj Finserv,"Pune, Maharashtra, India",1 month ago
CIEL/SEL/28116: Data Scientist,CIEL HR,"Pune, Maharashtra, India",2 days ago
Assistant Manager_Senior Engineer_Network Performance Engineer_Pune,_VOIS,"Pune, Maharashtra, India",1 week ago
Principal Data Scientist - Research || Pune,Michael Page,"Pune, Maharashtra, India",1 month ago
Data Steward Manufacturing,bekaert india technical center,"Pune, Maharashtra, India",1 month ago
Analyst - Marketing Operations,Qualys,"Pune, Maharashtra, India",1 week ago
"Associate Manager, Omnichannel Customer Analytics, Oncology",MSD,"Pune, Maharashtra, India",1 week ago
Senior Systems Engineer,Snowflake,"Pune, Maharashtra, India",1 week ago
Principal Systems Engineer,Altera Digital Health,"Pune, Maharashtra, India",2 months ago
AGM - IT Analytics,Vodafone Idea Limited,"Pune, Maharashtra, India",6 days ago
GCP Data Engineer,Impetus,"Pune, Maharashtra, India",1 day ago
Data Scientist,Applycup Hiring Solutions,"Pune, Maharashtra, India",1 month ago
"Manager, Omnichannel Customer Analytics, Oncology",MSD,"Pune, Maharashtra, India",1 week ago
Microsoft Analytics,Alp Consulting Ltd.,"Pune, Maharashtra, India",2 months ago
Senior Data Analyst(JR00107792),Bajaj Finserv,"Pune, Maharashtra, India",1 month ago
Jobs for Data Scientist - Machine Learning - BFS (6-12 yrs),Maven Workforce Inc.,"Pune, Maharashtra, India",1 month ago
Area Manager - PL - Prime - T1/Senior Area Manager - PL - Prime - T1(JR00112538),Bajaj Finserv,"Pune, Maharashtra, India",2 weeks ago
Senior Leader - Quant Strategy - Investment Bank,Shine.com,"Pune, Maharashtra, India",1 month ago
Big Data Test Engineer(Manual),Talent Folks,"Pune, Maharashtra, India",1 month ago
Deputy Manager,_VOIS,"Pune, Maharashtra, India",21 hours ago
Associate Manager - Data Science (NLP),MSD,"Pune, Maharashtra, India",1 day ago
EY - GDS Consulting - Data Analytics - Data Modelliing - Senior,EY,"Pune, Maharashtra, India",2 weeks ago
Azure Data Engineer-ADF,Fragma Data Systems,"Pune, Maharashtra, India",1 month ago
Azure Data Engineer,Fragma Data Systems,"Pune, Maharashtra, India",1 month ago
Lead Data Scientist,BNY Mellon,"Pune, Maharashtra, India",3 weeks ago
Analyst – Steel Costs and Emissions,CRU,"Pune, Maharashtra, India",1 day ago
Regional Manager - PL - Prime - T1/Senior Regional Manager - PL - Prime - T1(JR00112539),Bajaj Finserv,"Pune, Maharashtra, India",2 weeks ago
Principal IT Applications Specialist - Data Warehouse DWH/ETL/ODI,Veritas Technologies LLC,"Pune, Maharashtra, India",11 hours ago
Azure Data Engineer,Diverse Lynx,"Pune, Maharashtra, India",2 days ago
Data Quality Senior Analyst-Pune-AVP C12 (R23016378),Citi,"Pune, Maharashtra, India",2 weeks ago
Test Engineer,Barclays,"Pune, Maharashtra, India",3 weeks ago
Sr Data Engineer,Veritas Technologies LLC,"Pune, Maharashtra, India",1 day ago
Urgent hiring for Network Data Engineer for Tech M for Hyderabad and Pune for full time,ESSENWARE PRIVATE LIMITED,Pune/Pimpri-Chinchwad Area,2 weeks ago
SDET,Talent Folks,"Pune, Maharashtra, India",1 day ago
Senior Machine Learning Engineer,Fusemachines,"Pune, Maharashtra, India",3 weeks ago
Senior Marketing Data Analyst,Springer Nature Technology and Publishing Solutions,"Pune, Maharashtra, India",1 month ago
Lead Generation Specialist,PDV Technocrats,"Pune, Maharashtra, India",3 hours ago
Lead - Advance Analytics/Senior Lead - Advance Analytics(JR00061776),Bajaj Finserv,"Pune, Maharashtra, India",1 month ago
AVP - Fraud Analytics - Bank,SERVING SKILL,"Pune, Maharashtra, India",1 month ago
Lead Azure Data Engineer,TopGear Consultants Pvt Ltd,"Pune, Maharashtra, India",1 month ago
Cluster Manager - PL - Prime - T1(JR00112690),Bajaj Finserv,"Pune, Maharashtra, India",2 weeks ago
Interesting Job Opportunity: Senior Supervisor/Manager - Computer Vision/Computer Vision,ExoTalent Consultancy Services LLP,"Pune, Maharashtra, India",2 days ago
Marketing & Communication Manager,Hyatt Regency,"Pune, Maharashtra, India",1 week ago
Project Engr II,Honeywell,"Pune, Maharashtra, India",7 hours ago
Global Procurement Analyst,Bekaert,"Pune, Maharashtra, India",1 week ago
Hiring For Data Scientist,Garima Interprises,"Pune, Maharashtra, India",1 month ago
DGM - Central Analytics (CXX/NPS/TNPS),Vodafone Idea Limited,"Pune, Maharashtra, India",1 week ago
Practice Head - Data Management,Kelly Outsourcing and Consulting Group India Private Limited,"Pune, Maharashtra, India",2 weeks ago
Team Lead-Apache Hive,Infogain,"Pune, Maharashtra, India",1 week ago
Global Solution Director,NTT DATA Services,"Pune, Maharashtra, India",1 month ago
"GFT Data Services- ETL Tester/Datawarehouse, SQL, Unix – Pune- Officer/C11 (R23016381)",Citi,"Pune, Maharashtra, India",2 weeks ago
"Manager_Lead_NLP,NLU,ML Engineer_Pune",_VOIS,"Pune, Maharashtra, India",2 weeks ago
Data Engineer (3-5 years),Plural Technology,"Pune, Maharashtra, India",1 month ago
"Specialist, Data Management Engineer",BNY Mellon,"Pune, Maharashtra, India",1 month ago
Principal PP&C Analyst (Data governance principal),Honeywell,"Pune, Maharashtra, India",1 day ago
Data Engineer - Python/Scala,Goprac,"Pune, Maharashtra, India",1 week ago
"GFT Data Services- ETL Tester/Datawarehouse, SQL, Unix – Pune- Officer/C11 (R23016387)",Citi,"Pune, Maharashtra, India",2 weeks ago
Lead Data Engineer,SarvaGram,"Pune, Maharashtra, India",1 day ago
Unit Manager - Payments - Data Science/Senior Unit Manager - Payments - Data Science(JR00112787),Bajaj Finserv,"Pune, Maharashtra, India",1 week ago
Assistant Manager - PL - Prime - T2(JR00108206),Bajaj Finserv,"Pune, Maharashtra, India",1 month ago
Big Data Developer,InfoCepts,"Pune, Maharashtra, India",1 month ago
BigData & pySpark Developer-Pune-C11(CTS-03032023-R23009462),Citi,"Pune, Maharashtra, India",2 weeks ago
Azure Data Engineer - C#/.Net,Appcino Technologies | Part of Xebia,"Pune, Maharashtra, India",6 hours ago
"Specialist, Data Scientist",BNY Mellon,"Pune, Maharashtra, India",1 month ago
Senior Data Engineer,Roche,"Pune, Maharashtra, India",3 weeks ago
Data Scientist/Machine Learning Engineer - IT,Indigo Global Consultants,"Pune, Maharashtra, India",1 month ago
Metrics and Reporting Consultant,TransUnion,"Pune, Maharashtra, India",1 day ago
Lead Data Scientist,BNY Mellon,"Pune, Maharashtra, India",2 months ago
Lead Data Scientist,Eaton,"Pune, Maharashtra, India",1 month ago
"GFT Data Services- ETL Tester/Datawarehouse, SQL, Unix – Pune- Officer/C11 (R23010831)",Citi,"Pune, Maharashtra, India",1 month ago
Lead Generation Executive- Instagram,Uplers,"Pune, Maharashtra, India",11 hours ago
Offshore - Salesforce Analystics,Jade Global,"Pune, Maharashtra, India",1 week ago
developer and testing,SECRET TECHNOLOGIES INDIA (VMS GROUP),"Pune, Maharashtra, India",4 months ago
Internal Auditor,HSBC,"Pune, Maharashtra, India",1 week ago
Data Engineer (PySpark and Azure) | Contractual | Pune,Michael Page,"Pune, Maharashtra, India",1 month ago
Unit Manager - IT/Senior Unit Manager - IT(JR00100244),Bajaj Finserv,"Pune, Maharashtra, India",1 month ago
"Specialist, Data Scientist",BNY Mellon,"Pune, Maharashtra, India",1 month ago
Lead Data Engineer,Vanderlande,"Pune, Maharashtra, India",2 weeks ago
Big Data Engineer,Edu Angels India Private Limited,"Pune, Maharashtra, India",4 weeks ago
Specialized Analytics Intmd Analyst,Citi,"Pune, Maharashtra, India",1 day ago
"Principal, Data Scientist",BNY Mellon,"Pune, Maharashtra, India",1 month ago
"Senior Specialist, Data Scientist",BNY Mellon,"Pune, Maharashtra, India",1 week ago
Senior Data Scientist,codvo.ai,"Pune, Maharashtra, India",2 months ago
Splunk Engineer,Evolent Health,"Pune, Maharashtra, India",3 weeks ago
Looking for Lead Data Engineers for a Global Healthcare company,TalentOne Consulting Pvt Ltd,"Pune, Maharashtra, India",1 month ago
Lead Generation Internship in Pune at Metapercept Technology Services,Metapercept Technology Services,"Pune, Maharashtra, India",1 week ago
Associate Recruiter(Sourcing Associate)- Pune /Bhopal (Hybrid),Qween Network LLP,Pune/Pimpri-Chinchwad Area,4 months ago
EnKash - Data Engineer - R/SQL/Python,EnKash (Nehat Tech Solutions,"Pune, Maharashtra, India",4 weeks ago
Cluster Manager - Payments - Data Science/Senior Cluster Manager - Payments - Data Science(JR00111008),Bajaj Finserv,"Pune, Maharashtra, India",1 month ago
"Senior Specialist, Data Scientist",BNY Mellon,"Pune, Maharashtra, India",1 month ago
Lead - Advance Analytics/Senior Lead - Advance Analytics(JR00061774),Bajaj Finserv,"Pune, Maharashtra, India",1 month ago
"Specialist, Data Management Engineer",BNY Mellon,"Pune, Maharashtra, India",2 months ago
"Senior Specialist, Corporate Operational Risk",BNY Mellon,"Pune, Maharashtra, India",3 weeks ago
Principal IT Applications Specialist - Data Warehouse DWH/ETL/ODI,Veritas Technologies LLC,"Pune, Maharashtra, India",1 week ago
Lead Generation Specialist,Nirmitee.io,"Pune, Maharashtra, India",1 week ago
Snowflake Developer,Victrix Systems & Labs,"Pune, Maharashtra, India",1 month ago
Associate Technical Architect,ESSENWARE PRIVATE LIMITED,"Pune, Maharashtra, India",2 months ago
Lead Generation Executive,GFL Recruitment Private Limited,"Pune, Maharashtra, India",3 weeks ago
AVP - Data Visualization and Power BI - Life Sciences (8-15 yrs),TalentCo Search Pvt Ltd,"Pune, Maharashtra, India",1 month ago
Data Engineer,fluidonomics Solutions LLP,"Pune, Maharashtra, India",1 month ago
CIEL/SEL/25444: Big data Engineer,CIEL HR,"Pune, Maharashtra, India",2 days ago
Talent Intelligence Senior Advisor,bp,"Pune, Maharashtra, India",1 day ago
AVP - CCAR,Barclays,"Pune, Maharashtra, India",4 weeks ago
Cloud Architect,Applycup Hiring Solutions,"Pune, Maharashtra, India",1 month ago
IT-Sr Systems Engineer,Cadence Design Systems,"Pune, Maharashtra, India",2 days ago
Senior Data Engineer(JR00113219),Bajaj Finserv,"Pune, Maharashtra, India",1 week ago
Lead - Advance Analytics/Senior Lead - Advance Analytics(JR00061772),Bajaj Finserv,"Pune, Maharashtra, India",1 month ago
"Senior Manager_NLP,NLU, ML Engineer_Pune",_VOIS,"Pune, Maharashtra, India",2 weeks ago
Staff Processor Performance Engineer,Mulya Technologies,"Pune, Maharashtra, India",1 day ago
Senior Programmer Python and R,Predikly,"Pune, Maharashtra, India",1 month ago
CIEL/SEL/26600: Analytics CoE Lead,CIEL HR,"Pune, Maharashtra, India",2 days ago
Data Engineer - Hadoop/Big Data Technologies,Logic Planet,"Pune, Maharashtra, India",1 month ago
Big Data Developer,CGI,"Pune, Maharashtra, India",1 month ago
Cluster Manager - Rural - COE(JR00099514),Bajaj Finserv,"Pune, Maharashtra, India",1 month ago
AGM - Application Operations,Vodafone Idea Limited,"Pune, Maharashtra, India",2 weeks ago
Cluster Manager - Payments - Data Science/Senior Cluster Manager - Payments - Data Science(JR00111007),Bajaj Finserv,"Pune, Maharashtra, India",1 month ago
Data Architect,NTT DATA Services,"Pune, Maharashtra, India",1 month ago
Development Lead SQL_ETL,Barclays,"Pune, Maharashtra, India",2 weeks ago
Inside Sales Executive,DigitalEdu IT Solutions Pvt. Ltd.,"Pune, Maharashtra, India",2 months ago
Data Architect,Impetus,"Pune, Maharashtra, India",2 weeks ago
Lead - Process Mining - Consulting Firm,Mastermind Consultancy Services,"Pune, Maharashtra, India",1 month ago
"Manager, Omnichannel Customer Analytics, Oncology",MSD,"Pune, Maharashtra, India",3 weeks ago
SQL Server Developer,Barclays,"Pune, Maharashtra, India",1 week ago
Senior Software Engineer - Data Operations,DeepIntent,"Pune, Maharashtra, India",1 month ago
B2B Lead Generation,Applycup Hiring Solutions,"Pune, Maharashtra, India",1 month ago
IT Architect & Service Integrator,Siemens,"Pune, Maharashtra, India",2 days ago
Business Intelligence and Analytics Leader,CORNPACT Pvt. Ltd.,"Pune, Maharashtra, India",1 day ago
National Lead - IT(JR00112103),Bajaj Finserv,"Pune, Maharashtra, India",3 weeks ago
Automation Engineer,Barclays,"Pune, Maharashtra, India",4 weeks ago
ETL Developer,Barclays,"Pune, Maharashtra, India",1 month ago
Sr.Analyst- FPNA,Eaton,"Pune, Maharashtra, India",5 months ago
Clinical Sas Programmer,Latinum HR Solutions Pvt. Ltd.,"Pune, Maharashtra, India",1 month ago
Associate Analyst-Price Change Management,Eaton,"Pune, Maharashtra, India",1 hour ago
"Analyst II, Systems Operations",ICE,"Pune, Maharashtra, India",2 weeks ago
Pyspark Developer,Tata Consultancy Services,"Pune, Maharashtra, India",3 hours ago
L3\L2 Support Data Analyst,Citi,"Pune, Maharashtra, India",3 days ago
Application Architect: Data Platforms,IBM,"Pune, Maharashtra, India",1 day ago
Director Data Science,Kavayah People Consulting Pvt. Ltd.,"Pune, Maharashtra, India",9 months ago
Data Engineer,idealcrew services,"Pune, Maharashtra, India",1 month ago
CIEL/SEL/25681: Analytics COE Lead,CIEL HR,"Pune, Maharashtra, India",2 days ago
Developer,Barclays,"Pune, Maharashtra, India",1 month ago
CRES MI Analyst,Barclays,"Pune, Maharashtra, India",2 months ago
Sushila Parmar International - Head - Business Analyst/Business Development - Plastic Manufacturing,SPIPL,"Pune, Maharashtra, India",2 weeks ago
SAP BI + Order to Cash,LTIMindtree,"Pune, Maharashtra, India",1 month ago
Enterprise Data Developer,Barclays,"Pune, Maharashtra, India",3 weeks ago
Application Developer,Barclays,"Pune, Maharashtra, India",2 months ago
Assistant Analyst - DRF (GBS),Faurecia,"Pune, Maharashtra, India",1 month ago
Kore.AI Developer,LTIMindtree,"Pune, Maharashtra, India",1 week ago
Reports Developer ( Cognos ),American Bureau of Shipping (ABS),"Pune, Maharashtra, India",2 weeks ago
Business Finance Manager,JetSynthesys,"Pune, Maharashtra, India",3 weeks ago
Senior Manager_Lead_GBIS_Pune,_VOIS,"Pune, Maharashtra, India",2 months ago
Data Architect/Associate Vice President - Data Warehousing/Visualization,JIGSERV Digital,"Pune, Maharashtra, India",3 weeks ago
Software Services of Cloud and AI Inside Sales Lead (Remote),codvo.ai,"Pune, Maharashtra, India",1 week ago
Big Data Developer,Citi,"Pune, Maharashtra, India",1 month ago
Data Cloud Engineer & Tableau Developer,Barclays,"Pune, Maharashtra, India",1 week ago
Intern - Engineering,Eaton,"Pune, Maharashtra, India",2 days ago
Cluster Manager - Partner App/Senior Cluster Manager - Partner App(JR00111876),Bajaj Finserv,"Pune, Maharashtra, India",3 weeks ago
GM - Partner Workforce Management&Reward,Vodafone Idea Limited,"Pune, Maharashtra, India",3 weeks ago
Engineer,Deutsche Bank,"Pune, Maharashtra, India",2 months ago
Data Analysis & Interpretation Application Developer,Accenture in India,"Pune, Maharashtra, India",1 week ago
Data Analysis & Interpretation Application Developer,Accenture in India,"Pune, Maharashtra, India",1 week ago
Sr. Database Developer,AllianceBernstein,"Pune, Maharashtra, India",1 week ago
Data Engineer - Java/Scala/Spark,Cognologix Technologies,"Pune, Maharashtra, India",2 months ago
Specialist-Machine Learning Ops,Eaton,"Pune, Maharashtra, India",2 months ago
Lead Software Engineer (Big Data & GCP),EPAM Systems,"Pune, Maharashtra, India",2 days ago
"Sr. Analyst 1, Business Transformation",CrowdStrike,"Pune, Maharashtra, India",3 days ago
Senior Auditor (Data Analytics),BNY Mellon,"Pune, Maharashtra, India",1 month ago
Senior Data Engineer,Stratacent,"Pune, Maharashtra, India",3 days ago
Cluster Manager - Partner App/Senior Cluster Manager - Partner App(JR00111875),Bajaj Finserv,"Pune, Maharashtra, India",3 weeks ago
Data Engineering – Senior Software Developer,Jet2 Travel Technologies Pvt Ltd.,"Pune, Maharashtra, India",2 months ago
Internal Audit Vice President,Apex Group Ltd,"Pune, Maharashtra, India",1 week ago
Senior Auditor (Data Analytics),BNY Mellon,"Pune, Maharashtra, India",1 month ago
Tech PMO(JR00099062),Bajaj Finserv,"Pune, Maharashtra, India",1 month ago
PureSoftware - Data Engineer - ETL/Azure Data Factory,PureSoftware Ltd,"Pune, Maharashtra, India",2 months ago
Salesforce Engineer,Equifax,"Pune, Maharashtra, India",2 days ago
Manager/Senior Manager - Modelling - BFSI,Noble House Consulting,"Pune, Maharashtra, India",1 month ago
Candidates for Data Engineering Lead,Xoriant Solutions Pvt Ltd,"Pune, Maharashtra, India",3 weeks ago
Adobe Analytics,"Alphacom, LLC","Pune, Maharashtra, India",1 month ago
Data Engineer - ETL/DataLake,Hectorandstreak,"Pune, Maharashtra, India",1 month ago
Lead Data Scientist,Qualys,"Pune, Maharashtra, India",2 weeks ago
CIEL/SEL/20947: Machine Learning,CIEL HR,"Pune, Maharashtra, India",2 days ago
Application Architect: Data Platforms,IBM,"Pune, Maharashtra, India",1 day ago
Senior Finance Analyst,BMC Software,"Pune, Maharashtra, India",2 weeks ago
Informatica PowerCenter Architect,Jobs for Humanity,"Pune, Maharashtra, India",1 month ago
Data Scientist,IBST Private Limited,"Pune, Maharashtra, India",1 month ago
Lead Data Engineer for Leading US health-tech company,TalentOne Consulting Pvt Ltd,"Pune, Maharashtra, India",1 month ago
Enterprise Data Developer,Barclays,"Pune, Maharashtra, India",1 month ago
C11 - Big Data Developer – Pune (R23014448),Citi,"Pune, Maharashtra, India",2 weeks ago
SRE Engineer - Design Mission Critical Cloud Infrastructure for Global Enterprises,Mindstix Software Labs,"Pune, Maharashtra, India",1 week ago
Celonis Data Engineer,Nustar Technologies India Private Limited,"Pune, Maharashtra, India",1 month ago
Sr. BigData Developer,Barclays,"Pune, Maharashtra, India",3 weeks ago
Lead - Machine Learning,Zycus,"Pune, Maharashtra, India",2 months ago
"Openings with Sage IT _ Graph data Engineer _ 5+ Yrs _Pune, Mumbai, Chennai, Bangalore, Hyderabad.",SAGE IT,"Pune, Maharashtra, India",1 day ago
CIEL/SEL/20957: Technology Specialist,CIEL HR,"Pune, Maharashtra, India",2 days ago
Big Data Developer,Tata Consultancy Services,"Pune, Maharashtra, India",3 days ago
Embedded Firmware Engineer,JobsCubicle,"Pune, Maharashtra, India",2 days ago
Data Scientist with NLP,Techtory,"Pune, Maharashtra, India",16 hours ago
Unit Manager - Bajaj Finserv App/Senior Unit Manager - Bajaj Finserv App(JR00111652),Bajaj Finserv,"Pune, Maharashtra, India",3 weeks ago
Internal Audit Assistant Vice President,Apex Group Ltd,"Pune, Maharashtra, India",2 weeks ago
Data Science/Analytics Trainer,Nisu Onfotech,"Pune, Maharashtra, India",3 days ago
"Specialist, Metrics and Analytics",BNY Mellon,"Pune, Maharashtra, India",2 weeks ago
"Category Specialist, Steel Parts & Subcontracting",Konecranes,"Pune, Maharashtra, India",4 weeks ago
Tableau Developer,SKILLETY,"Pune, Maharashtra, India",2 months ago
SAS Developer,Luxoft,"Pune, Maharashtra, India",2 weeks ago
ETL Developer_Deputy Manager_Pune,_VOIS,"Pune, Maharashtra, India",1 month ago
"Solution Architect, Solution Engineering (Data)",Western Union,"Pune, Maharashtra, India",3 days ago
Fund Services.Product Specialist,The Citco Group Limited,"Pune, Maharashtra, India",2 weeks ago
Senior Development Engineer/Architect [Reg-Tech/Risk-Tech],ZOOP.ONE,"Pune, Maharashtra, India",2 months ago
Lead Consultant:Workday Functional Consultant,Thoughtworks,"Pune, Maharashtra, India",9 hours ago
GM - Rewards & PWM Lead,Vodafone Idea Limited,"Pune, Maharashtra, India",2 days ago
Cluster Manager - Pocket Insurance(JR00112437),Bajaj Finserv,"Pune, Maharashtra, India",2 weeks ago
Manager - Partnership & Alliances(JR00113384),Bajaj Finserv,"Pune, Maharashtra, India",2 days ago
Senior Data Engineer(JR00106578),Bajaj Finserv,"Pune, Maharashtra, India",1 month ago
Assistant Analyst - DRF (GBS),Faurecia,"Pune, Maharashtra, India",1 month ago
Apply for Executive Assistant To CFO - Business Analysis,Phenom Placements,"Pune, Maharashtra, India",3 weeks ago
Big Data & GCP- Senior Software Engineer,EPAM Systems,"Pune, Maharashtra, India",2 days ago
Senior Engineer Backend,HEADWAY CONSULTANT,Pune/Pimpri-Chinchwad Area,1 month ago
SEO - Associate Digital Marketing,Merkle,"Pune, Maharashtra, India",2 weeks ago
Denodo Architect,Orion India Systems Pvt Ltd,"Pune, Maharashtra, India",3 weeks ago
Azure Data Bricks,Bitwise India,"Pune, Maharashtra, India",3 weeks ago
ETL Developer - Ab Initio,Barclays,"Pune, Maharashtra, India",4 days ago
